{"m_records":[{"timer":15,"max_distance":0.699999988079071},{"timer":30,"max_distance":2.819999933242798}]}